cart_pos_count,count_cart_pos,count_pole_angle,count_time_limit,episodes,mean_abs_terminal_theta,mean_abs_terminal_x,mean_steps,median_steps,pole_angle_count,time_limit_count,variant
40,40,57,3,100,0.15693769874982536,1.9293401685357094,434.7,255.0,57,3,angle_only
0,,56,44,100,0.1279543966826168,0.7763325393386186,1414.82,1743.0,56,44,angular_only
1,1,93,6,100,0.20205359367653727,0.9220721029490232,470.28,282.5,93,6,baseline
0,,58,42,100,0.1320203802613105,0.753675794992596,1316.46,1480.0,58,42,pos_only
1,1,93,6,100,0.20188869861885905,0.9240283989161253,471.07,293.0,93,6,velocity_only

