algorithm,seed_count,max_episode_steps,perturb_scale,elapsed_sec,episodes_per_sec
Q-learning,100,2000,0.0,9.523333100005402,10.500525283521089
REINFORCE,100,2000,0.0,9.95179449999705,10.048439002637128
MCTS,100,2000,0.0,844.6492016999982,0.11839234536507372
