{
  "baseline_scan": {
    "Baseline": {
      "0.0": {
        "mean": 205.73,
        "std": 31.439419523903425,
        "median": 198.5
      },
      "0.05": {
        "mean": 194.1,
        "std": 45.5,
        "median": 192
      },
      "0.01": {
        "mean": 206.3,
        "std": 37.7,
        "median": 204
      },
      "0.02": {
        "mean": 206.4,
        "std": 37.6,
        "median": 205
      }
    },
    "Smooth": {
      "0.0": {
        "mean": 113.19,
        "std": 13.588005740357929,
        "median": 116.5
      },
      "0.05": {
        "mean": 108.43,
        "std": 21.627415472034563,
        "median": 112.5
      }
    },
    "Hedge": {
      "0.0": {
        "mean": 169.1,
        "std": 13.0,
        "median": 169
      },
      "0.05": {
        "mean": 165.3,
        "std": 24.0,
        "median": 167
      }
    },
    "AdaptiveGrad": {
      "0.0": {
        "mean": 1906.04,
        "std": 244.16141873768672,
        "median": 2000.0
      },
      "0.05": {
        "mean": 1865.8,
        "std": 315.0825923468322,
        "median": 2000.0
      }
    },
    "AdaptiveTD": {
      "0.0": {
        "mean": 145.64,
        "std": 47.11804749774761,
        "median": 138.5
      },
      "0.05": {
        "mean": 127.21,
        "std": 36.74732507271788,
        "median": 126.0
      }
    }
  },
  "threshold_30pct": 252.33,
  "verified": true,
  "notes": {
    "Smooth": "邻域线性插值导致训练不稳定 (行为策略与学习目标不匹配), perturb=0 仅 113.2 步",
    "Hedge": "Hedge 权重坍缩至单表, 集成效果消失, perturb=0 仅 169.1 步",
    "AdaptiveGrad": "梯度驱动自适应边界是唯一成功方法, perturb=0 达 1906.0 步 (82% 达上限)",
    "AdaptiveTD": "TD 误差信号噪声大且不稳定, 边界调整方向错误, perturb=0 仅 145.6 步"
  }
}