{
  "baseline_scan": {
    "Baseline": {
      "0.0": {
        "mean": 205.7,
        "std": 31.4,
        "median": 198
      },
      "0.01": {
        "mean": 206.3,
        "std": 37.7,
        "median": 204
      },
      "0.02": {
        "mean": 206.4,
        "std": 37.6,
        "median": 205
      },
      "0.05": {
        "mean": 194.1,
        "std": 45.5,
        "median": 192
      }
    },
    "Smooth": {
      "0.0": {
        "mean": 461.8,
        "std": 396.6,
        "median": 378
      },
      "0.01": {
        "mean": 444.2,
        "std": 293.7,
        "median": 386
      },
      "0.02": {
        "mean": 459.0,
        "std": 356.4,
        "median": 392
      },
      "0.05": {
        "mean": 306.3,
        "std": 195.6,
        "median": 294
      }
    },
    "Hedge": {
      "0.0": {
        "mean": 330.1,
        "std": 107.5,
        "median": 298
      },
      "0.01": {
        "mean": 331.6,
        "std": 108.6,
        "median": 298
      },
      "0.02": {
        "mean": 321.4,
        "std": 102.7,
        "median": 286
      },
      "0.05": {
        "mean": 331.1,
        "std": 125.8,
        "median": 279
      }
    },
    "AdaptiveGrad": {
      "0.0": {
        "mean": 1906.04,
        "std": 244.16141873768672,
        "median": 2000.0
      },
      "0.05": {
        "mean": 1865.8,
        "std": 315.0825923468322,
        "median": 2000.0
      }
    },
    "AdaptiveTD": {
      "0.0": {
        "mean": 145.64,
        "std": 47.11804749774761,
        "median": 138.5
      },
      "0.05": {
        "mean": 127.21,
        "std": 36.74732507271788,
        "median": 126.0
      }
    }
  },
  "threshold_30pct": 252.33,
  "pass_30pct": {
    "Smooth": true,
    "Hedge": true,
    "AdaptiveGrad": true,
    "AdaptiveTD": false
  }
}